{
  "rouge": {
    "rouge1": 0.3852924852924853,
    "rouge2": 0.12023728868241064,
    "rougeL": 0.27845487845487843
  },
  "bertscore": {
    "precision": 0.8772722880045573,
    "recall": 0.915674090385437,
    "f1": 0.8960192402203878
  }
}